{
  "58913": {
    "person_id": 58913,
    "name": "Visitante",
    "ratios": [
      0.45454545454545453,
      0.5847512110039266,
      0.6,
      0.743822492367392
    ]
  }
}